Amino-acid,ORF index,Genomic index
M,1,187
G,2,190
P,3,193
W,4,196
G,5,199
W,6,202
K,7,205
L,8,208
R,9,211
W,10,214
T,11,217
V,12,220
A,13,223
L,14,226
L,15,229
L,16,232
A,17,235
A,18,238
A,19,241
G,20,244
T,21,247
A,22,250
G,24,10863
D,25,10866
R,26,10869
C,27,10872
E,28,10875
R,29,10878
N,30,10881
E,31,10884
F,32,10887
Q,33,10890
C,34,10893
Q,35,10896
D,36,10899
G,37,10902
K,38,10905
C,39,10908
I,40,10911
S,41,10914
Y,42,10917
K,43,10920
W,44,10923
V,45,10926
C,46,10929
D,47,10932
G,48,10935
S,49,10938
A,50,10941
E,51,10944
C,52,10947
Q,53,10950
D,54,10953
G,55,10956
S,56,10959
D,57,10962
E,58,10965
S,59,10968
Q,60,10971
E,61,10974
T,62,10977
C,63,10980
S,65,13304
V,66,13307
T,67,13310
C,68,13313
K,69,13316
S,70,13319
G,71,13322
D,72,13325
F,73,13328
S,74,13331
C,75,13334
G,76,13337
G,77,13340
R,78,13343
V,79,13346
N,80,13349
R,81,13352
C,82,13355
I,83,13358
P,84,13361
Q,85,13364
F,86,13367
W,87,13370
R,88,13373
C,89,13376
D,90,13379
G,91,13382
Q,92,13385
V,93,13388
D,94,13391
C,95,13394
D,96,13397
N,97,13400
G,98,13403
S,99,13406
D,100,13409
E,101,13412
Q,102,13415
G,103,13418
C,104,13421
P,106,15860
K,107,15863
T,108,15866
C,109,15869
S,110,15872
Q,111,15875
D,112,15878
E,113,15881
F,114,15884
R,115,15887
C,116,15890
H,117,15893
D,118,15896
G,119,15899
K,120,15902
C,121,15905
I,122,15908
S,123,15911
R,124,15914
Q,125,15917
F,126,15920
V,127,15923
C,128,15926
D,129,15929
S,130,15932
D,131,15935
R,132,15938
D,133,15941
C,134,15944
L,135,15947
D,136,15950
G,137,15953
S,138,15956
D,139,15959
E,140,15962
A,141,15965
S,142,15968
C,143,15971
P,144,15974
V,145,15977
L,146,15980
T,147,15983
C,148,15986
G,149,15989
P,150,15992
A,151,15995
S,152,15998
F,153,16001
Q,154,16004
C,155,16007
N,156,16010
S,157,16013
S,158,16016
T,159,16019
C,160,16022
I,161,16025
P,162,16028
Q,163,16031
L,164,16034
W,165,16037
A,166,16040
C,167,16043
D,168,16046
N,169,16049
D,170,16052
P,171,16055
D,172,16058
C,173,16061
E,174,16064
D,175,16067
G,176,16070
S,177,16073
D,178,16076
E,179,16079
W,180,16082
P,181,16085
Q,182,16088
R,183,16091
C,184,16094
R,185,16097
G,186,16100
L,187,16103
Y,188,16106
V,189,16109
F,190,16112
Q,191,16115
G,192,16118
D,193,16121
S,194,16124
S,195,16127
P,196,16130
C,197,16133
S,198,16136
A,199,16139
F,200,16142
E,201,16145
F,202,16148
H,203,16151
C,204,16154
L,205,16157
S,206,16160
G,207,16163
E,208,16166
C,209,16169
I,210,16172
H,211,16175
S,212,16178
S,213,16181
W,214,16184
R,215,16187
C,216,16190
D,217,16193
G,218,16196
G,219,16199
P,220,16202
D,221,16205
C,222,16208
K,223,16211
D,224,16214
K,225,16217
S,226,16220
D,227,16223
E,228,16226
E,229,16229
N,230,16232
C,231,16235
V,233,17205
A,234,17208
T,235,17211
C,236,17214
R,237,17217
P,238,17220
D,239,17223
E,240,17226
F,241,17229
Q,242,17232
C,243,17235
S,244,17238
D,245,17241
G,246,17244
N,247,17247
C,248,17250
I,249,17253
H,250,17256
G,251,17259
S,252,17262
R,253,17265
Q,254,17268
C,255,17271
D,256,17274
R,257,17277
E,258,17280
Y,259,17283
D,260,17286
C,261,17289
K,262,17292
D,263,17295
M,264,17298
S,265,17301
D,266,17304
E,267,17307
V,268,17310
G,269,17313
C,270,17316
V,271,17319
N,272,17322
T,274,18032
L,275,18035
C,276,18038
E,277,18041
G,278,18044
P,279,18047
N,280,18050
K,281,18053
F,282,18056
K,283,18059
C,284,18062
H,285,18065
S,286,18068
G,287,18071
E,288,18074
C,289,18077
I,290,18080
T,291,18083
L,292,18086
D,293,18089
K,294,18092
V,295,18095
C,296,18098
N,297,18101
M,298,18104
A,299,18107
R,300,18110
D,301,18113
C,302,18116
R,303,18119
D,304,18122
W,305,18125
S,306,18128
D,307,18131
E,308,18134
P,309,18137
I,310,18140
K,311,18143
E,312,18146
C,313,18149
T,315,21292
N,316,21295
E,317,21298
C,318,21301
L,319,21304
D,320,21307
N,321,21310
N,322,21313
G,323,21316
G,324,21319
C,325,21322
S,326,21325
H,327,21328
V,328,21331
C,329,21334
N,330,21337
D,331,21340
L,332,21343
K,333,21346
I,334,21349
G,335,21352
Y,336,21355
E,337,21358
C,338,21361
L,339,21364
C,340,21367
P,341,21370
D,342,21373
G,343,21376
F,344,21379
Q,345,21382
L,346,21385
V,347,21388
A,348,21391
Q,349,21394
R,350,21397
R,351,21400
C,352,21403
E,353,21406
I,355,22154
D,356,22157
E,357,22160
C,358,22163
Q,359,22166
D,360,22169
P,361,22172
D,362,22175
T,363,22178
C,364,22181
S,365,22184
Q,366,22187
L,367,22190
C,368,22193
V,369,22196
N,370,22199
L,371,22202
E,372,22205
G,373,22208
G,374,22211
Y,375,22214
K,376,22217
C,377,22220
Q,378,22223
C,379,22226
E,380,22229
E,381,22232
G,382,22235
F,383,22238
Q,384,22241
L,385,22244
D,386,22247
P,387,22250
H,388,22253
T,389,22256
K,390,22259
A,391,22262
C,392,22265
K,393,22268
A,394,22271
V,395,22274
S,397,23918
I,398,23921
A,399,23924
Y,400,23927
L,401,23930
F,402,23933
F,403,23936
T,404,23939
N,405,23942
R,406,23945
H,407,23948
E,408,23951
V,409,23954
R,410,23957
K,411,23960
M,412,23963
T,413,23966
L,414,23969
D,415,23972
R,416,23975
S,417,23978
E,418,23981
Y,419,23984
T,420,23987
S,421,23990
L,422,23993
I,423,23996
P,424,23999
N,425,24002
L,426,24005
R,427,24008
N,428,24011
V,429,24014
V,430,24017
A,431,24020
L,432,24023
D,433,24026
T,434,24029
E,435,24032
V,436,24035
A,437,24038
S,438,24041
N,439,24044
R,440,24047
I,441,24050
Y,442,24053
W,443,24056
S,444,24059
D,445,24062
L,446,24065
S,447,24068
Q,448,24071
R,449,24074
M,450,24077
I,451,24080
C,452,24083
T,454,24174
Q,455,24177
L,456,24180
D,457,24183
R,458,24186
A,459,24189
H,460,24192
G,461,24195
V,462,24198
S,463,24201
S,464,24204
Y,465,24207
D,466,24210
T,467,24213
V,468,24216
I,469,24219
S,470,24222
R,471,24225
D,472,24228
I,473,24231
Q,474,24234
A,475,24237
P,476,24240
D,477,24243
G,478,24246
L,479,24249
A,480,24252
V,481,24255
D,482,24258
W,483,24261
I,484,24264
H,485,24267
S,486,24270
N,487,24273
I,488,24276
Y,489,24279
W,490,24282
T,491,24285
D,492,24288
S,493,24291
V,494,24294
L,495,24297
G,496,24300
T,497,24303
V,498,24306
S,499,24309
V,500,24312
A,501,24315
D,502,24318
T,503,24321
K,504,24324
G,505,24327
V,506,24330
K,507,24333
R,508,24336
K,509,24339
T,510,24342
L,511,24345
F,512,24348
R,513,24351
E,514,24354
N,515,24357
G,516,24360
S,517,24363
K,518,24366
P,519,24369
R,520,24372
A,521,24375
I,522,24378
V,523,24381
V,524,24384
D,525,24387
P,526,24390
V,527,24393
H,528,24396
F,530,26733
M,531,26736
Y,532,26739
W,533,26742
T,534,26745
D,535,26748
W,536,26751
G,537,26754
T,538,26757
P,539,26760
A,540,26763
K,541,26766
I,542,26769
K,543,26772
K,544,26775
G,545,26778
G,546,26781
L,547,26784
N,548,26787
G,549,26790
V,550,26793
D,551,26796
I,552,26799
Y,553,26802
S,554,26805
L,555,26808
V,556,26811
T,557,26814
E,558,26817
N,559,26820
I,560,26823
Q,561,26826
W,562,26829
P,563,26832
N,564,26835
G,565,26838
I,566,26841
T,567,26844
L,568,26847
L,570,27499
L,571,27502
S,572,27505
G,573,27508
R,574,27511
L,575,27514
Y,576,27517
W,577,27520
V,578,27523
D,579,27526
S,580,27529
K,581,27532
L,582,27535
H,583,27538
S,584,27541
I,585,27544
S,586,27547
S,587,27550
I,588,27553
D,589,27556
V,590,27559
N,591,27562
G,592,27565
G,593,27568
N,594,27571
R,595,27574
K,596,27577
T,597,27580
I,598,27583
L,599,27586
E,600,27589
D,601,27592
E,602,27595
K,603,27598
R,604,27601
L,605,27604
A,606,27607
H,607,27610
P,608,27613
F,609,27616
S,610,27619
L,611,27622
A,612,27625
V,613,27628
F,614,27631
E,615,27634
D,616,30730
K,617,30733
V,618,30736
F,619,30739
W,620,30742
T,621,30745
D,622,30748
I,623,30751
I,624,30754
N,625,30757
E,626,30760
A,627,30763
I,628,30766
F,629,30769
S,630,30772
A,631,30775
N,632,30778
R,633,30781
L,634,30784
T,635,30787
G,636,30790
S,637,30793
D,638,30796
V,639,30799
N,640,30802
L,641,30805
L,642,30808
A,643,30811
E,644,30814
N,645,30817
L,646,30820
L,647,30823
S,648,30826
P,649,30829
E,650,30832
D,651,30835
M,652,30838
V,653,30841
L,654,30844
F,655,30847
H,656,30850
N,657,30853
L,658,30856
T,659,30859
Q,660,30862
P,661,30865
R,662,30868
V,664,31010
N,665,31013
W,666,31016
C,667,31019
E,668,31022
R,669,31025
T,670,31028
T,671,31031
L,672,31034
S,673,31037
N,674,31040
G,675,31043
G,676,31046
C,677,31049
Q,678,31052
Y,679,31055
L,680,31058
C,681,31061
L,682,31064
P,683,31067
A,684,31070
P,685,31073
Q,686,31076
I,687,31079
N,688,31082
P,689,31085
H,690,31088
S,691,31091
P,692,31094
K,693,31097
F,694,31100
T,695,31103
C,696,31106
A,697,31109
C,698,31112
P,699,31115
D,700,31118
G,701,31121
M,702,31124
L,703,31127
L,704,31130
A,705,31133
R,706,31136
D,707,31139
M,708,31142
R,709,31145
S,710,31148
C,711,31151
L,712,31154
T,713,31157
A,715,33814
E,716,33817
A,717,33820
A,718,33823
V,719,33826
A,720,33829
T,721,33832
Q,722,33835
E,723,33838
T,724,33841
S,725,33844
T,726,33847
V,727,33850
R,728,33853
L,729,33856
K,730,33859
V,731,33862
S,732,33865
S,733,33868
T,734,33871
A,735,33874
V,736,33877
R,737,33880
T,738,33883
Q,739,33886
H,740,33889
T,741,33892
T,742,33895
T,743,33898
R,744,33901
P,745,33904
V,746,33907
P,747,33910
D,748,33913
T,749,33916
S,750,33919
R,751,33922
L,752,33925
P,753,33928
G,754,33931
A,755,33934
T,756,33937
P,757,33940
G,758,33943
L,759,33946
T,760,33949
T,761,33952
V,762,33955
E,763,33958
I,764,33961
V,765,33964
T,766,33967
M,767,33970
S,768,33973
H,769,33976
Q,770,33979
L,772,38648
G,773,38651
D,774,38654
V,775,38657
A,776,38660
G,777,38663
R,778,38666
G,779,38669
N,780,38672
E,781,38675
K,782,38678
K,783,38681
P,784,38684
S,785,38687
S,786,38690
V,787,38693
R,788,38696
A,789,38699
L,790,38702
S,791,38705
I,792,38708
V,793,38711
L,794,38714
P,795,38717
I,796,38720
L,798,40153
L,799,40156
V,800,40159
F,801,40162
L,802,40165
C,803,40168
L,804,40171
G,805,40174
V,806,40177
F,807,40180
L,808,40183
L,809,40186
W,810,40189
K,811,40192
N,812,40195
W,813,40198
R,814,40201
L,815,40204
K,816,40207
N,817,40210
I,818,40213
N,819,40216
S,820,40219
I,821,40222
N,822,40225
F,823,40228
D,824,40231
N,825,40234
P,826,40237
V,827,40240
Y,828,40243
Q,829,40246
K,830,40249
T,831,40252
T,832,40255
E,833,40258
D,834,40261
E,835,40264
V,836,40267
H,837,40270
I,838,40273
C,839,40276
H,840,40279
N,841,40282
Q,842,40285
D,843,40288
G,844,40291
Y,845,40294
S,846,40297
Y,847,40300
P,848,40303
S,849,40306
R,850,41919
Q,851,41922
M,852,41925
V,853,41928
S,854,41931
L,855,41934
E,856,41937
D,857,41940
D,858,41943
V,859,41946
A,860,41949
_,861,41952
